[
	{
		"tematica": "Cantantes argentinas",
		"pregunta": "Cantantes argentinas que tienen menos de 40 años.",
		"respuestas": {
			"Lali": 43,
			"Tini": 22,
			"Nicki Nicole": 20,
			"Maria Becerra": 14,
			"Mercedes Sosa": 1
		}
	},
	{
		"tematica": "Actores de Hollywood",
		"pregunta": "Actores de Hollywood ganadores de un Oscar.",
		"respuestas": {
			"Leonardo DiCaprio": 30,
			"Brad Pitt": 25,
			"Tom Hanks": 20,
			"Meryl Streep": 15,
			"Denzel Washington": 10
		}
	},
	{
		"tematica": "Bandas de rock nacional",
		"pregunta": "Bandas de rock nacional de Argentina.",
		"respuestas": {
			"Soda Stereo": 40,
			"Patricio Rey y sus Redonditos de Ricota": 30,
			"Los Fabulosos Cadillacs": 20,
			"La Renga": 10,
			"Charly Garcia": 5
		}
	},
	{
		"tematica": "Autores de canciones argentinas",
		"pregunta": "Autores de canciones más famosos de Argentina.",
		"respuestas": {
			"Charly Garcia": 45,
			"Fito Paez": 30,
			"Luis Alberto Spinetta": 15,
			"Andres Calamaro": 7,
			"Gustavo Cerati": 3
		}
	},
	{
		"tematica": "Escritores argentinos",
		"pregunta": "Escritores argentinos más conocidos.",
		"respuestas": {
			"Jorge Luis Borges": 50,
			"Julio Cortazar": 25,
			"Adolfo Bioy Casares": 15,
			"Manuel Puig": 7,
			"Victoria Ocampo": 3
		}
	},
	{
		"tematica": "Deportistas argentinos",
		"pregunta": "Deportistas argentinos destacados.",
		"respuestas": {
			"Lionel Messi": 45,
			"Diego Maradona": 30,
			"Manu Ginobili": 15,
			"Juan Martin del Potro": 7,
			"Luciana Aymar": 3
		}
	},
	{
		"tematica": "Monumentos argentinos",
		"pregunta": "Monumentos más icónicos de Argentina.",
		"respuestas": {
			"Obelisco": 45,
			"Casa Rosada": 25,
			"Teatro Colon": 15,
			"Catedral de La Plata": 10,
			"Puente de la Mujer": 5
		}
	},
	{
		"tematica": "Programas de TV argentinos",
		"pregunta": "Programas de TV más populares de Argentina.",
		"respuestas": {
			"Showmatch": 50,
			"Susana Gimenez": 30,
			"Polemica en el Bar": 15,
			"CQC": 7,
			"Zapping": 3
		}
	},
	{
		"tematica": "Bebidas argentinas",
		"pregunta": "Bebidas más consumidas en Argentina.",
		"respuestas": {
			"Mate": 50,
			"Fernet": 30,
			"Vino": 10,
			"Cerveza": 7,
			"Gaseosa": 3
		}
	},
	{
		"tematica": "Equipos de fútbol argentinos",
		"pregunta": "Equipos de fútbol argentinos más populares.",
		"respuestas": {
			"River Plate": 50,
			"Boca Juniors": 40,
			"Independiente": 30,
			"Racing Club": 20,
			"San Lorenzo": 10
		}
	},
	{
		"tematica": "Jugadores de fútbol argentinos",
		"pregunta": "Jugadores de fútbol argentinos más famosos.",
		"respuestas": {
			"Lionel Messi": 50,
			"Diego Maradona": 40,
			"Sergio Agüero": 30,
			"Gabriel Batistuta": 20,
			"Javier Zanetti": 10
		}
	}
]

